{"cameraMode":{"drawMode":0,"name":"Shaded","section":"Shading Mode"},"sceneLighting":false,"audioPlay":false,"sceneViewState":{"m_AlwaysRefresh":true,"showFog":true,"showSkybox":true,"showFlares":true,"showImageEffects":true,"showParticleSystems":true,"showVisualEffectGraphs":true,"m_FxEnabled":true},"in2DMode":false,"pivot":{"x":0.6254892349243164,"y":4.5403242111206059,"z":-15.188371658325196},"rotation":{"x":0.5152633190155029,"y":0.16826669871807099,"z":-0.10407513380050659,"w":0.8338838219642639},"size":2.0920517444610597,"orthographic":false}