{"cameraMode":{"drawMode":0,"name":"Shaded","section":"Shading Mode"},"sceneLighting":false,"audioPlay":false,"sceneViewState":{"showFog":true,"showMaterialUpdate":true,"showSkybox":true,"showFlares":true,"showImageEffects":true,"showParticleSystems":true},"in2DMode":false,"pivot":{"x":-1.3347892761230469,"y":-8.870552062988282,"z":5.829279899597168},"rotation":{"x":0.25442463159561159,"y":-0.532717227935791,"z":0.17176152765750886,"w":0.7887167930603027},"size":18.705556869506837,"orthographic":false}