{"cameraMode":{"drawMode":0,"name":"Shaded","section":"Shading Mode"},"sceneLighting":false,"audioPlay":false,"sceneViewState":{"showFog":true,"showMaterialUpdate":true,"showSkybox":false,"showFlares":true,"showImageEffects":true,"showParticleSystems":true},"in2DMode":false,"pivot":{"x":0.9037863612174988,"y":-8.617236137390137,"z":-4.750088691711426},"rotation":{"x":0.0030295380856841804,"y":0.8568821549415588,"z":-0.5157557725906372,"w":0.005268848035484552},"size":13.608617782592774,"orthographic":false}