{"cameraMode":{"drawMode":0,"name":"Shaded","section":"Shading Mode"},"sceneLighting":false,"audioPlay":false,"sceneViewState":{"showFog":true,"showMaterialUpdate":true,"showSkybox":true,"showFlares":true,"showImageEffects":true,"showParticleSystems":true},"in2DMode":false,"pivot":{"x":0.4844536781311035,"y":4.114896774291992,"z":-13.165836334228516},"rotation":{"x":-0.32152748107910159,"y":-0.3130999207496643,"z":0.11367587000131607,"w":-0.8864235877990723},"size":4.710456371307373,"orthographic":false}